{
  "content": [
    {
      "id": 1,
      "name": "가름몬",
      "image": "https://www.digi-api.com/images/digimon/w/Garummon.png"
    },
    {
      "id": 2,
      "name": "크레니엄몬",
      "image": "https://www.digi-api.com/images/digimon/w/Craniummon.png"
    },
    {
      "id": 3,
      "name": "홀리엔젤몬",
      "image": "https://www.digi-api.com/images/digimon/w/Holy_Angemon.png"
    },
    {
      "id": 4,
      "name": "에이션트비트몬",
      "image": "https://www.digi-api.com/images/digimon/w/Ancient_Beatmon.png"
    },
    {
      "id": 6,
      "name": "풋몬",
      "image": "https://www.digi-api.com/images/digimon/w/Footmon.png"
    },
    {
      "id": 7,
      "name": "아포카리몬",
      "image": "https://www.digi-api.com/images/digimon/w/Apocalymon.png"
    },
    {
      "id": 9,
      "name": "치빅크몬",
      "image": "https://www.digi-api.com/images/digimon/w/Chibickmon.png"
    },
    {
      "id": 11,
      "name": "피피스몬",
      "image": "https://www.digi-api.com/images/digimon/w/Pipismon.png"
    },
    {
      "id": 12,
      "name": "그레이몬",
      "image": "https://www.digi-api.com/images/digimon/w/Greymon_(2010_Anime_Version).png"
    },
    {
      "id": 17,
      "name": "그레이스노바몬",
      "image": "https://www.digi-api.com/images/digimon/w/Grace_Novamon.png"
    },
    {
      "id": 19,
      "name": "가드로몬",
      "image": "https://www.digi-api.com/images/digimon/w/Guardromon.png"
    },
    {
      "id": 20,
      "name": "에테몬",
      "image": "https://www.digi-api.com/images/digimon/w/Etemon.png"
    },
    {
      "id": 21,
      "name": "사수몬",
      "image": "https://www.digi-api.com/images/digimon/w/Sagittarimon.png"
    },
    {
      "id": 22,
      "name": "리노몬",
      "image": "https://www.digi-api.com/images/digimon/w/Rhinomon.png"
    },
    {
      "id": 24,
      "name": "사이버드라몬",
      "image": "https://www.digi-api.com/images/digimon/w/Cyberdramon.png"
    },
    {
      "id": 26,
      "name": "둥실몬",
      "image": "https://www.digi-api.com/images/digimon/w/Pukamon.png"
    },
    {
      "id": 27,
      "name": "왕잠자리몬",
      "image": "https://www.digi-api.com/images/digimon/w/Sand_Yanmamon.png"
    },
    {
      "id": 28,
      "name": "헉몬",
      "image": "https://www.digi-api.com/images/digimon/w/Hackmon.png"
    },
    {
      "id": 29,
      "name": "푸르르몬",
      "image": "https://www.digi-api.com/images/digimon/w/Pururumon.png"
    },
    {
      "id": 30,
      "name": "아레스타드라몬",
      "image": "https://www.digi-api.com/images/digimon/w/Arresterdramon.png"
    },
    {
      "id": 33,
      "name": "가비지몬",
      "image": "https://www.digi-api.com/images/digimon/w/Gerbemon.png"
    },
    {
      "id": 35,
      "name": "네몬",
      "image": "https://www.digi-api.com/images/digimon/w/Neamon.png"
    },
    {
      "id": 36,
      "name": "알라우몬",
      "image": "https://www.digi-api.com/images/digimon/w/Alraumon.png"
    },
    {
      "id": 38,
      "name": "미믹몬",
      "image": "https://www.digi-api.com/images/digimon/w/Mimicmon.png"
    },
    {
      "id": 39,
      "name": "원시고부리몬",
      "image": "https://www.digi-api.com/images/digimon/w/Shamamon.png"
    },
    {
      "id": 40,
      "name": "베오울프몬",
      "image": "https://www.digi-api.com/images/digimon/w/Beowolfmon.png"
    },
    {
      "id": 42,
      "name": "트리케라몬",
      "image": "https://www.digi-api.com/images/digimon/w/Triceramon.png"
    },
    {
      "id": 44,
      "name": "백사몬",
      "image": "https://www.digi-api.com/images/digimon/w/Bio_Coatlmon.png"
    },
    {
      "id": 45,
      "name": "그린쉘몬",
      "image": "https://www.digi-api.com/images/digimon/w/Mori_Shellmon.png"
    },
    {
      "id": 52,
      "name": "꼬마키위몬",
      "image": "https://www.digi-api.com/images/digimon/w/Chibi_Kiwimon.png"
    },
    {
      "id": 54,
      "name": "파라오몬",
      "image": "https://www.digi-api.com/images/digimon/w/Pharaohmon.png"
    },
    {
      "id": 56,
      "name": "수신몬",
      "image": "https://www.digi-api.com/images/digimon/w/Suijinmon.png"
    },
    {
      "id": 58,
      "name": "바이킹몬",
      "image": "https://www.digi-api.com/images/digimon/w/Vikemon.png"
    },
    {
      "id": 59,
      "name": "파후몬",
      "image": "https://www.digi-api.com/images/digimon/w/Pafumon.png"
    },
    {
      "id": 60,
      "name": "지오그레이몬",
      "image": "https://www.digi-api.com/images/digimon/w/Geo_Greymon.png"
    },
    {
      "id": 63,
      "name": "바커스몬",
      "image": "https://www.digi-api.com/images/digimon/w/Bacchusmon.png"
    },
    {
      "id": 64,
      "name": "슈츠몬",
      "image": "https://www.digi-api.com/images/digimon/w/Shutumon.png"
    },
    {
      "id": 65,
      "name": "다크티라노몬",
      "image": "https://www.digi-api.com/images/digimon/w/Dark_Tyranomon.png"
    },
    {
      "id": 67,
      "name": "워가루몬",
      "image": "https://www.digi-api.com/images/digimon/w/Were_Garurumon.png"
    },
    {
      "id": 68,
      "name": "화이트스카몬",
      "image": "https://www.digi-api.com/images/digimon/w/Platinum_Sukamon.png"
    },
    {
      "id": 70,
      "name": "안드로몬",
      "image": "https://www.digi-api.com/images/digimon/w/Andromon.png"
    },
    {
      "id": 71,
      "name": "릴리몬",
      "image": "https://www.digi-api.com/images/digimon/w/Lilimon.png"
    },
    {
      "id": 75,
      "name": "루나몬",
      "image": "https://www.digi-api.com/images/digimon/w/Lunamon.png"
    },
    {
      "id": 77,
      "name": "쉘몬",
      "image": "https://www.digi-api.com/images/digimon/w/Shellmon.png"
    },
    {
      "id": 79,
      "name": "카르마라몬",
      "image": "https://www.digi-api.com/images/digimon/w/Calamaramon.png"
    },
    {
      "id": 80,
      "name": "네오데블몬",
      "image": "https://www.digi-api.com/images/digimon/w/Neo_Devimon.png"
    },
    {
      "id": 84,
      "name": "발바몬",
      "image": "https://www.digi-api.com/images/digimon/w/Barbamon.png"
    },
    {
      "id": 85,
      "name": "고로몬",
      "image": "https://www.digi-api.com/images/digimon/w/Goromon.png"
    },
    {
      "id": 87,
      "name": "모티몬",
      "image": "https://www.digi-api.com/images/digimon/w/Mochimon.png"
    },
    {
      "id": 90,
      "name": "토코몬",
      "image": "https://www.digi-api.com/images/digimon/w/Tokomon.png"
    },
    {
      "id": 91,
      "name": "비비몬",
      "image": "https://www.digi-api.com/images/digimon/w/Bibimon.png"
    },
    {
      "id": 93,
      "name": "왕거북몬",
      "image": "https://www.digi-api.com/images/digimon/w/Archelomon.png"
    },
    {
      "id": 94,
      "name": "레이브몬",
      "image": "https://www.digi-api.com/images/digimon/w/Ravmon.png"
    },
    {
      "id": 95,
      "name": "팽몬",
      "image": "https://www.digi-api.com/images/digimon/w/Fangmon.png"
    },
    {
      "id": 97,
      "name": "황금아르마몬",
      "image": "https://www.digi-api.com/images/digimon/w/Ankylomon.png"
    },
    {
      "id": 99,
      "name": "화이트레오몬",
      "image": "https://www.digi-api.com/images/digimon/w/Panjyamon.png"
    },
    {
      "id": 101,
      "name": "스노우고부리몬",
      "image": "https://www.digi-api.com/images/digimon/w/Snow_Goburimon.png"
    },
    {
      "id": 102,
      "name": "세라피몬",
      "image": "https://www.digi-api.com/images/digimon/w/Seraphimon.png"
    },
    {
      "id": 103,
      "name": "오르카몬",
      "image": "https://www.digi-api.com/images/digimon/w/Orcamon.png"
    },
    {
      "id": 104,
      "name": "레오르몬",
      "image": "https://www.digi-api.com/images/digimon/w/Liollmon.png"
    },
    {
      "id": 106,
      "name": "푸푸몬",
      "image": "https://www.digi-api.com/images/digimon/w/Pupumon.png"
    },
    {
      "id": 110,
      "name": "보보몬",
      "image": "https://www.digi-api.com/images/digimon/w/Vorvomon.png"
    },
    {
      "id": 113,
      "name": "사이크로몬",
      "image": "https://www.digi-api.com/images/digimon/w/Cyclomon.png"
    },
    {
      "id": 114,
      "name": "파닥몬",
      "image": "https://www.digi-api.com/images/digimon/w/Patamon.png"
    },
    {
      "id": 115,
      "name": "치코몬",
      "image": "https://www.digi-api.com/images/digimon/w/Chicomon.png"
    },
    {
      "id": 116,
      "name": "미사일몬",
      "image": "https://www.digi-api.com/images/digimon/w/Missimon.png"
    },
    {
      "id": 118,
      "name": "판바치몬",
      "image": "https://www.digi-api.com/images/digimon/w/Panbachimon.png"
    },
    {
      "id": 126,
      "name": "미히라몬",
      "image": "https://www.digi-api.com/images/digimon/w/Mihiramon.png"
    },
    {
      "id": 127,
      "name": "트로피아몬",
      "image": "https://www.digi-api.com/images/digimon/w/Toropiamon.png"
    },
    {
      "id": 128,
      "name": "블래스트몬",
      "image": "https://www.digi-api.com/images/digimon/w/Blastmon.png"
    },
    {
      "id": 137,
      "name": "발키리몬",
      "image": "https://www.digi-api.com/images/digimon/w/Valkyrimon.png"
    },
    {
      "id": 139,
      "name": "볼프몬",
      "image": "https://www.digi-api.com/images/digimon/w/Wolfmon.png"
    },
    {
      "id": 140,
      "name": "오니스몬",
      "image": "https://www.digi-api.com/images/digimon/w/Ornismon.png"
    },
    {
      "id": 141,
      "name": "뿌띠몬",
      "image": "https://www.digi-api.com/images/digimon/w/Delumon.png"
    },
    {
      "id": 144,
      "name": "고르고몬",
      "image": "https://www.digi-api.com/images/digimon/w/Gargomon.png"
    },
    {
      "id": 145,
      "name": "후크몬",
      "image": "https://www.digi-api.com/images/digimon/w/Hookmon.png"
    },
    {
      "id": 149,
      "name": "슈라우드몬",
      "image": "https://www.digi-api.com/images/digimon/w/Shroudmon.png"
    },
    {
      "id": 152,
      "name": "프테라몬",
      "image": "https://www.digi-api.com/images/digimon/w/Pteranomon.png"
    },
    {
      "id": 154,
      "name": "유라몬",
      "image": "https://www.digi-api.com/images/digimon/w/Yuramon.png"
    },
    {
      "id": 156,
      "name": "하니몬",
      "image": "https://www.digi-api.com/images/digimon/w/Honeybeemon.png"
    },
    {
      "id": 158,
      "name": "개굴몬",
      "image": "https://www.digi-api.com/images/digimon/w/Gekomon.png"
    },
    {
      "id": 159,
      "name": "바푸몬",
      "image": "https://www.digi-api.com/images/digimon/w/Burpmon.png"
    },
    {
      "id": 160,
      "name": "아사루트몬",
      "image": "https://www.digi-api.com/images/digimon/w/Assaultmon.png"
    },
    {
      "id": 162,
      "name": "패러렐몬",
      "image": "https://www.digi-api.com/images/digimon/w/Parallelmon.png"
    },
    {
      "id": 165,
      "name": "모니터몬",
      "image": "https://www.digi-api.com/images/digimon/w/Monimon.png"
    },
    {
      "id": 167,
      "name": "탱크몬",
      "image": "https://www.digi-api.com/images/digimon/w/Tankmon.png"
    },
    {
      "id": 168,
      "name": "울퉁몬",
      "image": "https://www.digi-api.com/images/digimon/w/Gottsumon.png"
    },
    {
      "id": 169,
      "name": "병아리버거몬",
      "image": "https://www.digi-api.com/images/digimon/w/Torikara_Ballmon.png"
    },
    {
      "id": 170,
      "name": "레이디데블몬",
      "image": "https://www.digi-api.com/images/digimon/w/Lady_Devimon.png"
    },
    {
      "id": 171,
      "name": "사이케몬",
      "image": "https://www.digi-api.com/images/digimon/w/Psychemon.png"
    },
    {
      "id": 175,
      "name": "토게모구몬",
      "image": "https://www.digi-api.com/images/digimon/w/Togemogumon.png"
    },
    {
      "id": 176,
      "name": "히포그리포몬",
      "image": "https://www.digi-api.com/images/digimon/w/Hippogriffomon.png"
    },
    {
      "id": 188,
      "name": "카리스몬",
      "image": "https://www.digi-api.com/images/digimon/w/Callismon.png"
    },
    {
      "id": 191,
      "name": "츠메몬",
      "image": "https://www.digi-api.com/images/digimon/w/Tsumemon.png"
    },
    {
      "id": 198,
      "name": "구리몬",
      "image": "https://www.digi-api.com/images/digimon/w/Gurimon.png"
    },
    {
      "id": 199,
      "name": "화염위자몬",
      "image": "https://www.digi-api.com/images/digimon/w/Fla_Wizarmon.png"
    },
    {
      "id": 200,
      "name": "쁘띠몬",
      "image": "https://www.digi-api.com/images/digimon/w/Petitmon.png"
    },
    {
      "id": 201,
      "name": "드라큐몬",
      "image": "https://www.digi-api.com/images/digimon/w/Dracumon.png"
    },
    {
      "id": 204,
      "name": "고부리몬",
      "image": "https://www.digi-api.com/images/digimon/w/Goburimon.png"
    },
    {
      "id": 208,
      "name": "키몬",
      "image": "https://www.digi-api.com/images/digimon/w/Keemon.png"
    },
    {
      "id": 210,
      "name": "코테몬",
      "image": "https://www.digi-api.com/images/digimon/w/Kotemon.png"
    },
    {
      "id": 215,
      "name": "마린엔젤몬",
      "image": "https://www.digi-api.com/images/digimon/w/Marin_Angemon.png"
    },
    {
      "id": 216,
      "name": "티라노몬",
      "image": "https://www.digi-api.com/images/digimon/w/Tyranomon.png"
    },
    {
      "id": 226,
      "name": "프린스콩알몬",
      "image": "https://www.digi-api.com/images/digimon/w/Prince_Mamemon.png"
    },
    {
      "id": 228,
      "name": "버밀리몬",
      "image": "https://www.digi-api.com/images/digimon/w/Vermillimon.png"
    },
    {
      "id": 233,
      "name": "가오리몬",
      "image": "https://www.digi-api.com/images/digimon/w/Mantaraymon.png"
    },
    {
      "id": 235,
      "name": "피콕몬",
      "image": "https://www.digi-api.com/images/digimon/w/Peacockmon.png"
    },
    {
      "id": 236,
      "name": "비트몬",
      "image": "https://www.digi-api.com/images/digimon/w/Bitmon.png"
    },
    {
      "id": 243,
      "name": "에이프몬",
      "image": "https://www.digi-api.com/images/digimon/w/Hanumon.png"
    },
    {
      "id": 244,
      "name": "주작몬",
      "image": "https://www.digi-api.com/images/digimon/w/Zhuqiaomon.png"
    },
    {
      "id": 246,
      "name": "앙고라몬",
      "image": "https://www.digi-api.com/images/digimon/w/Angoramon.png"
    },
    {
      "id": 247,
      "name": "반쵸록몬",
      "image": "https://www.digi-api.com/images/digimon/w/Bancho_Golemon.png"
    },
    {
      "id": 256,
      "name": "메타몰몬",
      "image": "https://www.digi-api.com/images/digimon/w/Metamormon.png"
    },
    {
      "id": 257,
      "name": "구미호몬",
      "image": "https://www.digi-api.com/images/digimon/w/Kyubimon.png"
    },
    {
      "id": 262,
      "name": "타이타몬",
      "image": "https://www.digi-api.com/images/digimon/w/Titamon.png"
    },
    {
      "id": 264,
      "name": "잠수몬",
      "image": "https://www.digi-api.com/images/digimon/w/Submarimon.png"
    },
    {
      "id": 266,
      "name": "도키몬",
      "image": "https://www.digi-api.com/images/digimon/w/Dokimon.png"
    },
    {
      "id": 271,
      "name": "메탈가루몬",
      "image": "https://www.digi-api.com/images/digimon/w/Metal_Garurumon.png"
    },
    {
      "id": 272,
      "name": "라일라몬",
      "image": "https://www.digi-api.com/images/digimon/w/Lilamon.png"
    },
    {
      "id": 273,
      "name": "도도몬",
      "image": "https://www.digi-api.com/images/digimon/w/Dodomon.png"
    },
    {
      "id": 274,
      "name": "마르스몬",
      "image": "https://www.digi-api.com/images/digimon/w/Marsmon.png"
    },
    {
      "id": 275,
      "name": "그레이몬",
      "image": "https://www.digi-api.com/images/digimon/w/Greymon.png"
    },
    {
      "id": 276,
      "name": "아라크네몬",
      "image": "https://www.digi-api.com/images/digimon/w/Archnemon.png"
    },
    {
      "id": 281,
      "name": "케라몬",
      "image": "https://www.digi-api.com/images/digimon/w/Keramon.png"
    },
    {
      "id": 287,
      "name": "나비몬",
      "image": "https://www.digi-api.com/images/digimon/w/Butterflamon.png"
    },
    {
      "id": 288,
      "name": "콩고몬",
      "image": "https://www.digi-api.com/images/digimon/w/Kongoumon.png"
    },
    {
      "id": 289,
      "name": "아구몬",
      "image": "https://www.digi-api.com/images/digimon/w/Agumon.png"
    },
    {
      "id": 290,
      "name": "푸로로몬",
      "image": "https://www.digi-api.com/images/digimon/w/Puroromon.png"
    },
    {
      "id": 292,
      "name": "레레몬",
      "image": "https://www.digi-api.com/images/digimon/w/Relemon.png"
    },
    {
      "id": 293,
      "name": "코에몬",
      "image": "https://www.digi-api.com/images/digimon/w/Koemon.png"
    },
    {
      "id": 294,
      "name": "뿌요요몬",
      "image": "https://www.digi-api.com/images/digimon/w/Puyoyomon.png"
    },
    {
      "id": 295,
      "name": "필로몬",
      "image": "https://www.digi-api.com/images/digimon/w/Pillomon.png"
    },
    {
      "id": 296,
      "name": "쥬드몬",
      "image": "https://www.digi-api.com/images/digimon/w/Zudomon.png"
    },
    {
      "id": 298,
      "name": "뿅몬",
      "image": "https://www.digi-api.com/images/digimon/w/Pyonmon.png"
    },
    {
      "id": 300,
      "name": "사쿳토몬",
      "image": "https://www.digi-api.com/images/digimon/w/Sakuttomon.png"
    },
    {
      "id": 301,
      "name": "벌처몬",
      "image": "https://www.digi-api.com/images/digimon/w/Vulturemon.png"
    },
    {
      "id": 303,
      "name": "스파이더몬",
      "image": "https://www.digi-api.com/images/digimon/w/Dokugumon.png"
    },
    {
      "id": 309,
      "name": "도루몬",
      "image": "https://www.digi-api.com/images/digimon/w/DORUmon.png"
    },
    {
      "id": 315,
      "name": "라라몬",
      "image": "https://www.digi-api.com/images/digimon/w/Lalamon.png"
    },
    {
      "id": 320,
      "name": "사라만다몬",
      "image": "https://www.digi-api.com/images/digimon/w/Salamandamon.png"
    },
    {
      "id": 325,
      "name": "달팽이워매몬",
      "image": "https://www.digi-api.com/images/digimon/w/Karatuki_Numemon.png"
    },
    {
      "id": 331,
      "name": "라이아몬",
      "image": "https://www.digi-api.com/images/digimon/w/Liamon.png"
    },
    {
      "id": 346,
      "name": "가트몬",
      "image": "https://www.digi-api.com/images/digimon/w/Tailmon.png"
    },
    {
      "id": 352,
      "name": "우가몬",
      "image": "https://www.digi-api.com/images/digimon/w/Orgemon.png"
    },
    {
      "id": 357,
      "name": "디지타마몬",
      "image": "https://www.digi-api.com/images/digimon/w/Digitamamon.png"
    },
    {
      "id": 358,
      "name": "마왕몬",
      "image": "https://www.digi-api.com/images/digimon/w/Demon.png"
    },
    {
      "id": 364,
      "name": "프스몬",
      "image": "https://www.digi-api.com/images/digimon/w/Pusumon.png"
    },
    {
      "id": 370,
      "name": "시프몬",
      "image": "https://www.digi-api.com/images/digimon/w/Sheepmon.png"
    },
    {
      "id": 371,
      "name": "워매몬",
      "image": "https://www.digi-api.com/images/digimon/w/Numemon.png"
    },
    {
      "id": 390,
      "name": "베이비드몬",
      "image": "https://www.digi-api.com/images/digimon/w/Babydmon.png"
    },
    {
      "id": 394,
      "name": "파피몬",
      "image": "https://www.digi-api.com/images/digimon/w/Gabumon.png"
    },
    {
      "id": 396,
      "name": "코코몬",
      "image": "https://www.digi-api.com/images/digimon/w/Cocomon.png"
    },
    {
      "id": 401,
      "name": "깜몬",
      "image": "https://www.digi-api.com/images/digimon/w/Botamon.png"
    },
    {
      "id": 412,
      "name": "텐타몬",
      "image": "https://www.digi-api.com/images/digimon/w/Tentomon.png"
    },
    {
      "id": 415,
      "name": "베르제브몬",
      "image": "https://www.digi-api.com/images/digimon/w/Beelzebumon.png"
    },
    {
      "id": 425,
      "name": "실피드몬",
      "image": "https://www.digi-api.com/images/digimon/w/Silphymon.png"
    },
    {
      "id": 428,
      "name": "도리몬",
      "image": "https://www.digi-api.com/images/digimon/w/Dorimon.png"
    },
    {
      "id": 437,
      "name": "데블몬",
      "image": "https://www.digi-api.com/images/digimon/w/Devimon.png"
    },
    {
      "id": 439,
      "name": "버거몬",
      "image": "https://www.digi-api.com/images/digimon/w/Burgamon.png"
    },
    {
      "id": 447,
      "name": "킹체스몬",
      "image": "https://www.digi-api.com/images/digimon/w/King_Chessmon.png"
    },
    {
      "id": 460,
      "name": "코츠코몬",
      "image": "https://www.digi-api.com/images/digimon/w/Cotsucomon.png"
    },
    {
      "id": 465,
      "name": "후디에몬",
      "image": "https://www.digi-api.com/images/digimon/w/Hudiemon.png"
    },
    {
      "id": 466,
      "name": "버드몬",
      "image": "https://www.digi-api.com/images/digimon/w/Budmon.png"
    },
    {
      "id": 475,
      "name": "버드라몬",
      "image": "https://www.digi-api.com/images/digimon/w/Birdramon.png"
    },
    {
      "id": 478,
      "name": "데롱몬",
      "image": "https://www.digi-api.com/images/digimon/w/Minomon.png"
    },
    {
      "id": 485,
      "name": "펭귄몬",
      "image": "https://www.digi-api.com/images/digimon/w/Penmon.png"
    },
    {
      "id": 487,
      "name": "머드프리지몬",
      "image": "https://www.digi-api.com/images/digimon/w/Tuchidarumon.png"
    },
    {
      "id": 496,
      "name": "캬로몬",
      "image": "https://www.digi-api.com/images/digimon/w/Kyaromon.png"
    },
    {
      "id": 514,
      "name": "펌프몬",
      "image": "https://www.digi-api.com/images/digimon/w/Pumpmon.png"
    },
    {
      "id": 530,
      "name": "코제니몬",
      "image": "https://www.digi-api.com/images/digimon/w/Kozenimon.png"
    },
    {
      "id": 539,
      "name": "레드베지몬",
      "image": "https://www.digi-api.com/images/digimon/w/Red_Vegimon.png"
    },
    {
      "id": 543,
      "name": "길몬",
      "image": "https://www.digi-api.com/images/digimon/w/Guilmon.png"
    },
    {
      "id": 561,
      "name": "아이스몬",
      "image": "https://www.digi-api.com/images/digimon/w/Icemon.png"
    },
    {
      "id": 563,
      "name": "도사몬",
      "image": "https://www.digi-api.com/images/digimon/w/Taomon.png"
    },
    {
      "id": 567,
      "name": "스컬그레이몬",
      "image": "https://www.digi-api.com/images/digimon/w/Skull_Greymon.png"
    },
    {
      "id": 575,
      "name": "히야리몬",
      "image": "https://www.digi-api.com/images/digimon/w/Hiyarimon.png"
    },
    {
      "id": 580,
      "name": "데빌드라몬",
      "image": "https://www.digi-api.com/images/digimon/w/Devidramon.png"
    },
    {
      "id": 591,
      "name": "소울몬",
      "image": "https://www.digi-api.com/images/digimon/w/Soulmon.png"
    },
    {
      "id": 592,
      "name": "수리몬",
      "image": "https://www.digi-api.com/images/digimon/w/Shurimon.png"
    },
    {
      "id": 597,
      "name": "포코몬",
      "image": "https://www.digi-api.com/images/digimon/w/Pokomon.png"
    },
    {
      "id": 599,
      "name": "연체몬",
      "image": "https://www.digi-api.com/images/digimon/w/Gesomon.png"
    },
    {
      "id": 605,
      "name": "츠카이몬",
      "image": "https://www.digi-api.com/images/digimon/w/Tukaimon.png"
    },
    {
      "id": 617,
      "name": "퍼펫몬",
      "image": "https://www.digi-api.com/images/digimon/w/Monzaemon.png"
    },
    {
      "id": 630,
      "name": "베츠몬",
      "image": "https://www.digi-api.com/images/digimon/w/Betsumon.png"
    },
    {
      "id": 631,
      "name": "고스몬",
      "image": "https://www.digi-api.com/images/digimon/w/Bakemon.png"
    },
    {
      "id": 657,
      "name": "맘몬",
      "image": "https://www.digi-api.com/images/digimon/w/Mammon.png"
    },
    {
      "id": 664,
      "name": "브이몬",
      "image": "https://www.digi-api.com/images/digimon/w/V-mon.png"
    },
    {
      "id": 666,
      "name": "브이드라몬",
      "image": "https://www.digi-api.com/images/digimon/w/V-dramon.png"
    },
    {
      "id": 669,
      "name": "팔몬",
      "image": "https://www.digi-api.com/images/digimon/w/Palmon.png"
    },
    {
      "id": 679,
      "name": "프라리몬",
      "image": "https://www.digi-api.com/images/digimon/w/Prairiemon.png"
    },
    {
      "id": 682,
      "name": "코로몬",
      "image": "https://www.digi-api.com/images/digimon/w/Koromon.png"
    },
    {
      "id": 697,
      "name": "바그라몬",
      "image": "https://www.digi-api.com/images/digimon/w/Bagramon.png"
    },
    {
      "id": 706,
      "name": "메탈그레이몬",
      "image": "https://www.digi-api.com/images/digimon/w/Metal_Greymon.png"
    },
    {
      "id": 708,
      "name": "플롯트몬",
      "image": "https://www.digi-api.com/images/digimon/w/Plotmon.png"
    },
    {
      "id": 717,
      "name": "도그몬",
      "image": "https://www.digi-api.com/images/digimon/w/Dogmon.png"
    },
    {
      "id": 722,
      "name": "래브라몬",
      "image": "https://www.digi-api.com/images/digimon/w/Labramon.png"
    },
    {
      "id": 723,
      "name": "해바라기몬",
      "image": "https://www.digi-api.com/images/digimon/w/Sunflowmon.png"
    },
    {
      "id": 734,
      "name": "산호몬",
      "image": "https://www.digi-api.com/images/digimon/w/Sangomon.png"
    },
    {
      "id": 744,
      "name": "페어리몬",
      "image": "https://www.digi-api.com/images/digimon/w/Fairimon.png"
    },
    {
      "id": 746,
      "name": "푸니몬",
      "image": "https://www.digi-api.com/images/digimon/w/Punimon.png"
    },
    {
      "id": 752,
      "name": "두리몬",
      "image": "https://www.digi-api.com/images/digimon/w/Drimogemon.png"
    },
    {
      "id": 755,
      "name": "포요몬",
      "image": "https://www.digi-api.com/images/digimon/w/Poyomon.png"
    },
    {
      "id": 764,
      "name": "스나이몬",
      "image": "https://www.digi-api.com/images/digimon/w/Snimon.png"
    },
    {
      "id": 770,
      "name": "바코몬",
      "image": "https://www.digi-api.com/images/digimon/w/Bacomon.png"
    },
    {
      "id": 771,
      "name": "루체몬",
      "image": "https://www.digi-api.com/images/digimon/w/Lucemon.png"
    },
    {
      "id": 772,
      "name": "로프몬",
      "image": "https://www.digi-api.com/images/digimon/w/Lopmon.png"
    },
    {
      "id": 778,
      "name": "레어몬",
      "image": "https://www.digi-api.com/images/digimon/w/Raremon.png"
    },
    {
      "id": 781,
      "name": "도베르몬",
      "image": "https://www.digi-api.com/images/digimon/w/Dobermon.png"
    },
    {
      "id": 782,
      "name": "메가드라몬",
      "image": "https://www.digi-api.com/images/digimon/w/Megadramon.png"
    },
    {
      "id": 784,
      "name": "쥬레이몬",
      "image": "https://www.digi-api.com/images/digimon/w/Jyureimon.png"
    },
    {
      "id": 786,
      "name": "판다몬",
      "image": "https://www.digi-api.com/images/digimon/w/Pandamon.png"
    },
    {
      "id": 804,
      "name": "어니몬",
      "image": "https://www.digi-api.com/images/digimon/w/Pyocomon.png"
    },
    {
      "id": 824,
      "name": "피드몬",
      "image": "https://www.digi-api.com/images/digimon/w/Pidmon.png"
    },
    {
      "id": 828,
      "name": "뽀글몬",
      "image": "https://www.digi-api.com/images/digimon/w/Bubbmon.png"
    },
    {
      "id": 838,
      "name": "세인트가르고몬",
      "image": "https://www.digi-api.com/images/digimon/w/Saint_Galgomon.png"
    },
    {
      "id": 865,
      "name": "에렉몬",
      "image": "https://www.digi-api.com/images/digimon/w/Elecmon.png"
    },
    {
      "id": 867,
      "name": "디그몬",
      "image": "https://www.digi-api.com/images/digimon/w/Digmon.png"
    },
    {
      "id": 878,
      "name": "쉬라몬",
      "image": "https://www.digi-api.com/images/digimon/w/Gomamon.png"
    },
    {
      "id": 879,
      "name": "엔젤몬",
      "image": "https://www.digi-api.com/images/digimon/w/Angemon.png"
    },
    {
      "id": 885,
      "name": "도쿠네몬",
      "image": "https://www.digi-api.com/images/digimon/w/Dokunemon.png"
    },
    {
      "id": 890,
      "name": "고래몬",
      "image": "https://www.digi-api.com/images/digimon/w/Whamon_Perfect.png"
    },
    {
      "id": 900,
      "name": "블랙가트몬",
      "image": "https://www.digi-api.com/images/digimon/w/Black_Tailmon.png"
    },
    {
      "id": 933,
      "name": "기기몬",
      "image": "https://www.digi-api.com/images/digimon/w/Gigimon.png"
    },
    {
      "id": 934,
      "name": "보코몬",
      "image": "https://www.digi-api.com/images/digimon/w/Bokomon.png"
    },
    {
      "id": 935,
      "name": "니드몬",
      "image": "https://www.digi-api.com/images/digimon/w/Togemon.png"
    },
    {
      "id": 946,
      "name": "가루몬",
      "image": "https://www.digi-api.com/images/digimon/w/Garurumon.png"
    },
    {
      "id": 962,
      "name": "초코몬",
      "image": "https://www.digi-api.com/images/digimon/w/Chocomon.png"
    },
    {
      "id": 969,
      "name": "원뿔몬",
      "image": "https://www.digi-api.com/images/digimon/w/Ikkakumon.png"
    },
    {
      "id": 970,
      "name": "레나몬",
      "image": "https://www.digi-api.com/images/digimon/w/Renamon.png"
    },
    {
      "id": 978,
      "name": "머슈몬",
      "image": "https://www.digi-api.com/images/digimon/w/Mushmon.png"
    },
    {
      "id": 988,
      "name": "홀리드라몬",
      "image": "https://www.digi-api.com/images/digimon/w/Holydramon.png"
    },
    {
      "id": 991,
      "name": "피요몬",
      "image": "https://www.digi-api.com/images/digimon/w/Piyomon.png"
    },
    {
      "id": 993,
      "name": "우드몬",
      "image": "https://www.digi-api.com/images/digimon/w/Woodmon.png"
    },
    {
      "id": 999,
      "name": "동글몬",
      "image": "https://www.digi-api.com/images/digimon/w/Culumon.png"
    },
    {
      "id": 1004,
      "name": "왕개굴몬",
      "image": "https://www.digi-api.com/images/digimon/w/Tonosama_Gekomon.png"
    },
    {
      "id": 1006,
      "name": "레오몬",
      "image": "https://www.digi-api.com/images/digimon/w/Leomon.png"
    },
    {
      "id": 1012,
      "name": "가루몬",
      "image": "https://www.digi-api.com/images/digimon/w/Gururumon.png"
    },
    {
      "id": 1017,
      "name": "포로몬",
      "image": "https://www.digi-api.com/images/digimon/w/Poromon.png"
    },
    {
      "id": 1024,
      "name": "스팅몬",
      "image": "https://www.digi-api.com/images/digimon/w/Stingmon.png"
    },
    {
      "id": 1035,
      "name": "제리몬",
      "image": "https://www.digi-api.com/images/digimon/w/Zerimon.png"
    },
    {
      "id": 1051,
      "name": "피노키오몬",
      "image": "https://www.digi-api.com/images/digimon/w/Pinochimon.png"
    },
    {
      "id": 1055,
      "name": "백호몬",
      "image": "https://www.digi-api.com/images/digimon/w/Baihumon.png"
    },
    {
      "id": 1063,
      "name": "엔젤우몬",
      "image": "https://www.digi-api.com/images/digimon/w/Angewomon.png"
    },
    {
      "id": 1073,
      "name": "추추몬",
      "image": "https://www.digi-api.com/images/digimon/w/Wormmon.png"
    },
    {
      "id": 1075,
      "name": "키위몬",
      "image": "https://www.digi-api.com/images/digimon/w/Kiwimon.png"
    },
    {
      "id": 1079,
      "name": "토리에몬",
      "image": "https://www.digi-api.com/images/digimon/w/Turuiemon.png"
    },
    {
      "id": 1084,
      "name": "도미니몬",
      "image": "https://www.digi-api.com/images/digimon/w/Dominimon.png"
    },
    {
      "id": 1094,
      "name": "가루다몬",
      "image": "https://www.digi-api.com/images/digimon/w/Garudamon.png"
    },
    {
      "id": 1100,
      "name": "파일드라몬",
      "image": "https://www.digi-api.com/images/digimon/w/Paildramon.png"
    },
    {
      "id": 1114,
      "name": "머큐레몬",
      "image": "https://www.digi-api.com/images/digimon/w/Mercuremon.png"
    },
    {
      "id": 1115,
      "name": "캅테리몬",
      "image": "https://www.digi-api.com/images/digimon/w/Kabuterimon.png"
    },
    {
      "id": 1117,
      "name": "그라우몬",
      "image": "https://www.digi-api.com/images/digimon/w/Growmon.png"
    },
    {
      "id": 1122,
      "name": "래피드몬",
      "image": "https://www.digi-api.com/images/digimon/w/Rapidmon_Perfect.png"
    },
    {
      "id": 1123,
      "name": "호루스몬",
      "image": "https://www.digi-api.com/images/digimon/w/Holsmon.png"
    },
    {
      "id": 1124,
      "name": "챠크몬",
      "image": "https://www.digi-api.com/images/digimon/w/Chackmon.png"
    },
    {
      "id": 1140,
      "name": "위자몬",
      "image": "https://www.digi-api.com/images/digimon/w/Wizarmon.png"
    },
    {
      "id": 1149,
      "name": "씨앗몬",
      "image": "https://www.digi-api.com/images/digimon/w/Nyokimon.png"
    },
    {
      "id": 1153,
      "name": "아르마몬",
      "image": "https://www.digi-api.com/images/digimon/w/Armadimon.png"
    },
    {
      "id": 1154,
      "name": "야옹몬",
      "image": "https://www.digi-api.com/images/digimon/w/Nyaromon.png"
    },
    {
      "id": 1164,
      "name": "토우몬",
      "image": "https://www.digi-api.com/images/digimon/w/Shakkoumon.png"
    },
    {
      "id": 1171,
      "name": "시드몬",
      "image": "https://www.digi-api.com/images/digimon/w/Tanemon.png"
    },
    {
      "id": 1183,
      "name": "오메가몬",
      "image": "https://www.digi-api.com/images/digimon/w/Omegamon.png"
    },
    {
      "id": 1190,
      "name": "테리어몬",
      "image": "https://www.digi-api.com/images/digimon/w/Terriermon.png"
    },
    {
      "id": 1193,
      "name": "올챙몬",
      "image": "https://www.digi-api.com/images/digimon/w/Otamamon.png"
    },
    {
      "id": 1198,
      "name": "묘티스몬",
      "image": "https://www.digi-api.com/images/digimon/w/Vamdemon.png"
    },
    {
      "id": 1218,
      "name": "플로라몬",
      "image": "https://www.digi-api.com/images/digimon/w/Floramon.png"
    },
    {
      "id": 1240,
      "name": "뿔몬",
      "image": "https://www.digi-api.com/images/digimon/w/Tunomon.png"
    },
    {
      "id": 1243,
      "name": "오파니몬",
      "image": "https://www.digi-api.com/images/digimon/w/Ofanimon.png"
    },
    {
      "id": 1245,
      "name": "비너스몬",
      "image": "https://www.digi-api.com/images/digimon/w/Venusmon.png"
    },
    {
      "id": 1246,
      "name": "엑스브이몬",
      "image": "https://www.digi-api.com/images/digimon/w/XV-mon.png"
    },
    {
      "id": 1247,
      "name": "고래몬",
      "image": "https://www.digi-api.com/images/digimon/w/Whamon.png"
    },
    {
      "id": 1252,
      "name": "임프몬",
      "image": "https://www.digi-api.com/images/digimon/w/Impmon.png"
    },
    {
      "id": 1261,
      "name": "호크몬",
      "image": "https://www.digi-api.com/images/digimon/w/Hawkmon.png"
    },
    {
      "id": 1278,
      "name": "가오몬",
      "image": "https://www.digi-api.com/images/digimon/w/Gaomon.png"
    },
    {
      "id": 1292,
      "name": "로제몬",
      "image": "https://www.digi-api.com/images/digimon/w/Rosemon.png"
    },
    {
      "id": 1297,
      "name": "화염드라몬",
      "image": "https://www.digi-api.com/images/digimon/w/Fladramon.png"
    },
    {
      "id": 1323,
      "name": "가르고몬",
      "image": "https://www.digi-api.com/images/digimon/w/Galgomon.png"
    },
    {
      "id": 1341,
      "name": "듀크몬",
      "image": "https://www.digi-api.com/images/digimon/w/Dukemon.png"
    },
    {
      "id": 1362,
      "name": "네페르티몬",
      "image": "https://www.digi-api.com/images/digimon/w/Nefertimon.png"
    },
    {
      "id": 1373,
      "name": "구미몬",
      "image": "https://www.digi-api.com/images/digimon/w/Gummymon.png"
    },
    {
      "id": 1375,
      "name": "프리지몬",
      "image": "https://www.digi-api.com/images/digimon/w/Yukidarumon.png"
    },
    {
      "id": 1381,
      "name": "페가수스몬",
      "image": "https://www.digi-api.com/images/digimon/w/Pegasmon.png"
    },
    {
      "id": 1385,
      "name": "안티라몬",
      "image": "https://www.digi-api.com/images/digimon/w/Andiramon.png"
    },
    {
      "id": 1395,
      "name": "피에몬",
      "image": "https://www.digi-api.com/images/digimon/w/Piemon.png"
    },
    {
      "id": 1407,
      "name": "쿄쿄몬",
      "image": "https://www.digi-api.com/images/digimon/w/Kyokyomon.png"
    },
    {
      "id": 1409,
      "name": "꼬마몬",
      "image": "https://www.digi-api.com/images/digimon/w/Chibimon.png"
    },
    {
      "id": 1417,
      "name": "워그레이몬",
      "image": "https://www.digi-api.com/images/digimon/w/War_Greymon.png"
    }
  ],
  "pageable": {
    "currentPage": 0,
    "elementsOnPage": 1422,
    "totalElements": 1422,
    "totalPages": 1,
    "previousPage": "",
    "nextPage": ""
  }
}
